ModelName,ProductColor,ProductCost,ProductDescription,ProductsKey,ProductName,ProductPrice,ProductSize,ProductSKU,ProductStyle,SubcategoryName,CategoryName
All-Purpose Bike Stand,NA,59.466,Perfect all-purpose bike stand for working on your bike at home. Quick-adjusting clamps and steel construction.,486,All-Purpose Bike Stand,159,0,ST-1401,0,Bike Stands,Accessories
Bike Wash,NA,2.9733,"Washes off the toughest road grime; dissolves grease, environmentally safe. 1-liter bottle.",484,Bike Wash - Dissolver,7.95,0,CL-9009,0,Cleaners,Accessories
Cable Lock,NA,10.3125,"Wraps to fit front and rear tires, carrier and 2 keys included.",447,Cable Lock,25,0,LO-C100,0,Locks,Accessories
Chain,Silver,8.9866,Superior shifting performance.,559,Chain,20.24,0,CH-0234,0,Chains,Components
Classic Vest,Blue,23.749,"Light-weight, wind-resistant, packs to fit into a pocket.",471,"Classic Vest, S",63.5,S,VE-C304-S,U,Vests,Clothing
Classic Vest,Blue,23.749,"Light-weight, wind-resistant, packs to fit into a pocket.",472,"Classic Vest, M",63.5,M,VE-C304-M,U,Vests,Clothing
Classic Vest,Blue,23.749,"Light-weight, wind-resistant, packs to fit into a pocket.",473,"Classic Vest, L",63.5,L,VE-C304-L,U,Vests,Clothing
Cycling Cap,Multi,5.7052,Traditional style with a flip-up brim; one-size fits all.,223,AWC Logo Cap,8.6442,0,CA-1098,U,Caps,Clothing
Fender Set - Mountain,NA,8.2205,Clip-on fenders fit most mountain bikes.,485,Fender Set - Mountain,21.98,0,FE-6654,0,Fenders,Accessories
Front Brakes,Silver,47.286,All-weather brake pads; provides superior stopping by applying more surface to the rim.,555,Front Brakes,106.5,0,FB-9873,0,Brakes,Components
Front Derailleur,Silver,40.6216,Wide-link design.,552,Front Derailleur,91.49,0,FD-2342,0,Derailleurs,Components
Full-Finger Gloves,Black,15.6709,"Synthetic palm, flexible knuckles, breathable mesh upper. Worn by the AWC team riders.",468,"Full-Finger Gloves, S",37.99,S,GL-F110-S,U,Gloves,Clothing
Full-Finger Gloves,Black,15.6709,"Synthetic palm, flexible knuckles, breathable mesh upper. Worn by the AWC team riders.",469,"Full-Finger Gloves, M",37.99,M,GL-F110-M,U,Gloves,Clothing
Full-Finger Gloves,Black,15.6709,"Synthetic palm, flexible knuckles, breathable mesh upper. Worn by the AWC team riders.",470,"Full-Finger Gloves, L",37.99,L,GL-F110-L,U,Gloves,Clothing
Half-Finger Gloves,Black,9.7136,"Full padding, improved finger flex, durable palm, adjustable closure.",462,"Half-Finger Gloves, S",23.5481,S,GL-H102-S,U,Gloves,Clothing
Half-Finger Gloves,Black,9.7136,"Full padding, improved finger flex, durable palm, adjustable closure.",464,"Half-Finger Gloves, M",23.5481,M,GL-H102-M,U,Gloves,Clothing
Half-Finger Gloves,Black,9.7136,"Full padding, improved finger flex, durable palm, adjustable closure.",466,"Half-Finger Gloves, L",23.5481,L,GL-H102-L,U,Gloves,Clothing
Headlights - Dual-Beam,NA,14.4334,Rechargeable dual-beam headlight.,451,Headlights - Dual-Beam,34.99,0,LT-H902,0,Lights,Accessories
Headlights - Weatherproof,NA,18.5584,Rugged weatherproof headlight.,452,Headlights - Weatherproof,44.99,0,LT-H903,0,Lights,Accessories
Hitch Rack - 4-Bike,NA,44.88,"Carries 4 bikes securely; steel construction, fits 2"" receiver hitch.",483,Hitch Rack - 4-Bike,120,0,RA-H123,0,Bike Racks,Accessories
HL Bottom Bracket,NA,53.9416,Aluminum alloy cups and a hollow axle.,603,HL Bottom Bracket,121.49,0,BB-9108,0,Bottom Brackets,Components
HL Crankset,Black,179.8156,Triple crankset; alumunim crank arm; flawless shifting.,558,HL Crankset,404.99,0,CS-9183,0,Cranksets,Components
HL Fork,NA,101.8936,High-performance carbon road fork with curved legs.,393,HL Fork,229.49,0,FK-9939,0,Forks,Components
HL Headset,NA,55.3801,"High-quality 1"" threadless headset with a grease port for quick lubrication.",396,HL Headset,124.73,0,HS-3479,0,Headsets,Components
HL Mountain Frame,Black,617.0281,Each frame is hand-crafted in our Bothell facility to the optimum diameter and wall-thickness required of a premium mountain frame. The heat-treated welded aluminum frame has a larger diameter tube that absorbs the bumps.,296,"HL Mountain Frame - Black, 42",1191.1739,42,FR-M94B-42,U,Mountain Frames,Components
HL Mountain Frame,Black,699.0928,Each frame is hand-crafted in our Bothell facility to the optimum diameter and wall-thickness required of a premium mountain frame. The heat-treated welded aluminum frame has a larger diameter tube that absorbs the bumps.,299,"HL Mountain Frame - Black, 44",1349.6,44,FR-M94B-44,U,Mountain Frames,Components
HL Mountain Frame,Black,699.0928,Each frame is hand-crafted in our Bothell facility to the optimum diameter and wall-thickness required of a premium mountain frame. The heat-treated welded aluminum frame has a larger diameter tube that absorbs the bumps.,300,"HL Mountain Frame - Black, 48",1349.6,48,FR-M94B-48,U,Mountain Frames,Components
HL Mountain Frame,Black,617.0281,Each frame is hand-crafted in our Bothell facility to the optimum diameter and wall-thickness required of a premium mountain frame. The heat-treated welded aluminum frame has a larger diameter tube that absorbs the bumps.,301,"HL Mountain Frame - Black, 46",1191.1739,46,FR-M94B-46,U,Mountain Frames,Components
HL Mountain Frame,Black,617.0281,Each frame is hand-crafted in our Bothell facility to the optimum diameter and wall-thickness required of a premium mountain frame. The heat-treated welded aluminum frame has a larger diameter tube that absorbs the bumps.,304,"HL Mountain Frame - Black, 38",1191.1739,38,FR-M94B-38,U,Mountain Frames,Components
HL Mountain Frame,Silver,623.8403,Each frame is hand-crafted in our Bothell facility to the optimum diameter and wall-thickness required of a premium mountain frame. The heat-treated welded aluminum frame has a larger diameter tube that absorbs the bumps.,288,"HL Mountain Frame - Silver, 42",1204.3248,42,FR-M94S-42,U,Mountain Frames,Components
HL Mountain Frame,Silver,706.811,Each frame is hand-crafted in our Bothell facility to the optimum diameter and wall-thickness required of a premium mountain frame. The heat-treated welded aluminum frame has a larger diameter tube that absorbs the bumps.,291,"HL Mountain Frame - Silver, 44",1364.5,44,FR-M94S-44,U,Mountain Frames,Components
HL Mountain Frame,Silver,706.811,Each frame is hand-crafted in our Bothell facility to the optimum diameter and wall-thickness required of a premium mountain frame. The heat-treated welded aluminum frame has a larger diameter tube that absorbs the bumps.,292,"HL Mountain Frame - Silver, 48",1364.5,48,FR-M94S-52,U,Mountain Frames,Components
HL Mountain Frame,Silver,623.8403,Each frame is hand-crafted in our Bothell facility to the optimum diameter and wall-thickness required of a premium mountain frame. The heat-treated welded aluminum frame has a larger diameter tube that absorbs the bumps.,293,"HL Mountain Frame - Silver, 46",1204.3248,46,FR-M94S-46,U,Mountain Frames,Components
HL Mountain Frame,Silver,623.8403,Each frame is hand-crafted in our Bothell facility to the optimum diameter and wall-thickness required of a premium mountain frame. The heat-treated welded aluminum frame has a larger diameter tube that absorbs the bumps.,307,"HL Mountain Frame - Silver, 38",1204.3248,38,FR-M94S-38,U,Mountain Frames,Components
HL Mountain Front Wheel,Black,133.2955,High-performance mountain replacement wheel.,412,HL Mountain Front Wheel,300.215,0,FW-M928,0,Wheels,Components
HL Mountain Handlebars,NA,48.5453,Flat bar strong enough for the pro circuit.,401,HL Mountain Handlebars,109.3364,0,HB-M918,0,Handlebars,Components
HL Mountain Pedal,Silver/Black,35.9596,Stainless steel; designed to shed mud easily.,544,HL Mountain Pedal,80.99,0,PD-M562,0,Pedals,Components
HL Mountain Rear Wheel,Black,145.2835,High-performance mountain replacement wheel.,421,HL Mountain Rear Wheel,327.215,0,RW-M928,0,Wheels,Components
HL Mountain Seat/Saddle 2,NA,23.3722,Anatomic design for a full-day of riding in comfort. Durable leather.,517,HL Mountain Seat/Saddle,52.64,0,SE-M940,0,Saddles,Components
HL Mountain Tire,NA,13.09,"Incredible traction, lightweight carbon reinforced.",537,HL Mountain Tire,35,0,TI-M823,0,Tires and Tubes,Accessories
HL Road Frame,Black,722.2568,Our lightest and best quality aluminum frame made from the newest alloy; it is welded and heat-treated for strength. Our innovative design results in maximum comfort and performance.,437,"HL Road Frame - Black, 62",1301.3636,62,FR-R92B-62,U,Road Frames,Components
HL Road Frame,Black,722.2568,Our lightest and best quality aluminum frame made from the newest alloy; it is welded and heat-treated for strength. Our innovative design results in maximum comfort and performance.,439,"HL Road Frame - Black, 44",1301.3636,44,FR-R92B-44,U,Road Frames,Components
HL Road Frame,Black,722.2568,Our lightest and best quality aluminum frame made from the newest alloy; it is welded and heat-treated for strength. Our innovative design results in maximum comfort and performance.,441,"HL Road Frame - Black, 48",1301.3636,48,FR-R92B-48,U,Road Frames,Components
HL Road Frame,Black,722.2568,Our lightest and best quality aluminum frame made from the newest alloy; it is welded and heat-treated for strength. Our innovative design results in maximum comfort and performance.,443,"HL Road Frame - Black, 52",1301.3636,52,FR-R92B-52,U,Road Frames,Components
HL Road Frame,Red,747.9682,Our lightest and best quality aluminum frame made from the newest alloy; it is welded and heat-treated for strength. Our innovative design results in maximum comfort and performance.,238,"HL Road Frame - Red, 62",1263.4598,62,FR-R92R-62,U,Road Frames,Components
HL Road Frame,Red,747.9682,Our lightest and best quality aluminum frame made from the newest alloy; it is welded and heat-treated for strength. Our innovative design results in maximum comfort and performance.,241,"HL Road Frame - Red, 44",1263.4598,44,FR-R92R-44,U,Road Frames,Components
HL Road Frame,Red,747.9682,Our lightest and best quality aluminum frame made from the newest alloy; it is welded and heat-treated for strength. Our innovative design results in maximum comfort and performance.,244,"HL Road Frame - Red, 48",1263.4598,48,FR-R92R-48,U,Road Frames,Components
HL Road Frame,Red,747.9682,Our lightest and best quality aluminum frame made from the newest alloy; it is welded and heat-treated for strength. Our innovative design results in maximum comfort and performance.,247,"HL Road Frame - Red, 52",1263.4598,52,FR-R92R-52,U,Road Frames,Components
HL Road Frame,Red,747.9682,Our lightest and best quality aluminum frame made from the newest alloy; it is welded and heat-treated for strength. Our innovative design results in maximum comfort and performance.,250,"HL Road Frame - Red, 56",1263.4598,56,FR-R92R-56,U,Road Frames,Components
HL Road Front Wheel,Black,146.5466,Strong wheel with double-walled rim.,415,HL Road Front Wheel,330.06,0,FW-R820,0,Wheels,Components
HL Road Handlebars,NA,48.5453,Designed for racers; high-end anatomically shaped bar from aluminum alloy.,407,HL Road Handlebars,109.3364,0,HB-R956,0,Handlebars,Components
HL Road Pedal,Silver/Black,35.9596,Top-of-the-line clipless pedals with adjustable tension.,547,HL Road Pedal,80.99,0,PD-R853,0,Pedals,Components
HL Road Rear Wheel,Black,158.5346,Strong rear wheel with double-walled rim.,424,HL Road Rear Wheel,357.06,0,RW-R820,0,Wheels,Components
HL Road Seat/Saddle 2,NA,23.3722,Lightweight kevlar racing saddle. Leather.,520,HL Road Seat/Saddle,52.64,0,SE-R995,0,Saddles,Components
HL Road Tire,NA,12.1924,Lightweight carbon reinforced  for an unrivaled ride at an un-compromised weight.,540,HL Road Tire,32.6,0,TI-R982,0,Tires and Tubes,Accessories
HL Touring Frame,Blue,601.7437,The HL aluminum frame is custom-shaped for both good looks and strength; it will withstand the most rigorous challenges of daily riding. Men's version.,497,"HL Touring Frame - Blue, 46",1003.91,46,FR-T98U-46,U,Touring Frames,Components
HL Touring Frame,Blue,601.7437,The HL aluminum frame is custom-shaped for both good looks and strength; it will withstand the most rigorous challenges of daily riding. Men's version.,498,"HL Touring Frame - Blue, 50",1003.91,50,FR-T98U-50,U,Touring Frames,Components
HL Touring Frame,Blue,601.7437,The HL aluminum frame is custom-shaped for both good looks and strength; it will withstand the most rigorous challenges of daily riding. Men's version.,499,"HL Touring Frame - Blue, 54",1003.91,54,FR-T98U-54,U,Touring Frames,Components
HL Touring Frame,Blue,601.7437,The HL aluminum frame is custom-shaped for both good looks and strength; it will withstand the most rigorous challenges of daily riding. Men's version.,500,"HL Touring Frame - Blue, 60",1003.91,60,FR-T98U-60,U,Touring Frames,Components
HL Touring Frame,Yellow,601.7437,The HL aluminum frame is custom-shaped for both good looks and strength; it will withstand the most rigorous challenges of daily riding. Men's version.,492,"HL Touring Frame - Yellow, 60",1003.91,60,FR-T98Y-60,U,Touring Frames,Components
HL Touring Frame,Yellow,601.7437,The HL aluminum frame is custom-shaped for both good looks and strength; it will withstand the most rigorous challenges of daily riding. Men's version.,494,"HL Touring Frame - Yellow, 46",1003.91,46,FR-T98Y-46,U,Touring Frames,Components
HL Touring Frame,Yellow,601.7437,The HL aluminum frame is custom-shaped for both good looks and strength; it will withstand the most rigorous challenges of daily riding. Men's version.,495,"HL Touring Frame - Yellow, 50",1003.91,50,FR-T98Y-50,U,Touring Frames,Components
HL Touring Frame,Yellow,601.7437,The HL aluminum frame is custom-shaped for both good looks and strength; it will withstand the most rigorous challenges of daily riding. Men's version.,496,"HL Touring Frame - Yellow, 54",1003.91,54,FR-T98Y-54,U,Touring Frames,Components
HL Touring Handlebars,NA,40.6571,A light yet stiff aluminum bar for long distance riding.,554,HL Touring Handlebars,91.57,0,HB-T928,0,Handlebars,Components
HL Touring Seat/Saddle,NA,23.3722,Cut-out shell for a more comfortable ride.,523,HL Touring Seat/Saddle,52.64,0,SE-T924,0,Saddles,Components
Hydration Pack,Silver,20.5663,"Versatile 70 oz hydration pack offers extra storage, easy-fill access, and a waist belt.",487,Hydration Pack - 70 oz.,54.99,70,HY-1023-70,0,Hydration Packs,Accessories
LL Bottom Bracket,NA,23.9716,Chromoly steel.,601,LL Bottom Bracket,53.99,0,BB-7421,0,Bottom Brackets,Components
LL Crankset,Black,77.9176,Super rigid spindle.,556,LL Crankset,175.49,0,CS-4759,0,Cranksets,Components
LL Fork,NA,65.8097,Stout design absorbs shock and offers more precise steering.,391,LL Fork,148.22,0,FK-1639,0,Forks,Components
LL Headset,NA,15.1848,Threadless headset provides quality at an economical price.,394,LL Headset,34.2,0,HS-0296,0,Headsets,Components
LL Mountain Frame,Black,136.785,"Our best value utilizing the same, ground-breaking frame technology as the ML aluminum frame.",531,"LL Mountain Frame - Black, 42",249.79,42,FR-M21B-42,U,Mountain Frames,Components
LL Mountain Frame,Black,136.785,"Our best value utilizing the same, ground-breaking frame technology as the ML aluminum frame.",532,"LL Mountain Frame - Black, 44",249.79,44,FR-M21B-44,U,Mountain Frames,Components
LL Mountain Frame,Black,136.785,"Our best value utilizing the same, ground-breaking frame technology as the ML aluminum frame.",533,"LL Mountain Frame - Black, 48",249.79,48,FR-M21B-48,U,Mountain Frames,Components
LL Mountain Frame,Black,136.785,"Our best value utilizing the same, ground-breaking frame technology as the ML aluminum frame.",534,"LL Mountain Frame - Black, 52",249.79,52,FR-M21B-52,U,Mountain Frames,Components
LL Mountain Frame,Black,136.785,"Our best value utilizing the same, ground-breaking frame technology as the ML aluminum frame.",550,"LL Mountain Frame - Black, 40",249.79,40,FR-M21B-40,U,Mountain Frames,Components
LL Mountain Frame,Silver,144.5938,"Our best value utilizing the same, ground-breaking frame technology as the ML aluminum frame.",524,"LL Mountain Frame - Silver, 42",264.05,42,FR-M21S-42,U,Mountain Frames,Components
LL Mountain Frame,Silver,144.5938,"Our best value utilizing the same, ground-breaking frame technology as the ML aluminum frame.",525,"LL Mountain Frame - Silver, 44",264.05,44,FR-M21S-44,U,Mountain Frames,Components
LL Mountain Frame,Silver,144.5938,"Our best value utilizing the same, ground-breaking frame technology as the ML aluminum frame.",526,"LL Mountain Frame - Silver, 48",264.05,48,FR-M21S-48,U,Mountain Frames,Components
LL Mountain Frame,Silver,144.5938,"Our best value utilizing the same, ground-breaking frame technology as the ML aluminum frame.",527,"LL Mountain Frame - Silver, 52",264.05,52,FR-M21S-52,U,Mountain Frames,Components
LL Mountain Frame,Silver,144.5938,"Our best value utilizing the same, ground-breaking frame technology as the ML aluminum frame.",551,"LL Mountain Frame - Silver, 40",264.05,40,FR-M21S-40,U,Mountain Frames,Components
LL Mountain Front Wheel,Black,26.9708,Replacement mountain wheel for entry-level rider.,410,LL Mountain Front Wheel,60.745,0,FW-M423,0,Wheels,Components
LL Mountain Handlebars,NA,17.978,All-purpose bar for on or off-road.,397,LL Mountain Handlebars,40.4909,0,HB-M243,0,Handlebars,Components
LL Mountain Pedal,Silver/Black,17.9776,Expanded platform so you can ride in any shoes; great for all-around riding.,542,LL Mountain Pedal,40.49,0,PD-M282,0,Pedals,Components
LL Mountain Rear Wheel,Black,38.9588,Replacement mountain wheel for entry-level rider.,419,LL Mountain Rear Wheel,87.745,0,RW-M423,0,Wheels,Components
LL Mountain Seat/Saddle 2,NA,12.0413,Synthetic leather. Features gel for increased comfort.,515,LL Mountain Seat/Saddle,27.12,0,SE-M236,0,Saddles,Components
LL Mountain Tire,NA,9.3463,"Comparible traction, less expensive wire bead casing.",535,LL Mountain Tire,24.99,0,TI-M267,0,Tires and Tubes,Accessories
LL Road Frame,Black,176.1997,"The LL Frame provides a safe comfortable ride, while offering superior bump absorption in a value-priced aluminum frame.",253,"LL Road Frame - Black, 58",297.6346,58,FR-R38B-58,U,Road Frames,Components
LL Road Frame,Black,176.1997,"The LL Frame provides a safe comfortable ride, while offering superior bump absorption in a value-priced aluminum frame.",256,"LL Road Frame - Black, 60",297.6346,60,FR-R38B-60,U,Road Frames,Components
LL Road Frame,Black,176.1997,"The LL Frame provides a safe comfortable ride, while offering superior bump absorption in a value-priced aluminum frame.",259,"LL Road Frame - Black, 62",297.6346,62,FR-R38B-62,U,Road Frames,Components
LL Road Frame,Black,176.1997,"The LL Frame provides a safe comfortable ride, while offering superior bump absorption in a value-priced aluminum frame.",279,"LL Road Frame - Black, 44",297.6346,44,FR-R38B-44,U,Road Frames,Components
LL Road Frame,Black,176.1997,"The LL Frame provides a safe comfortable ride, while offering superior bump absorption in a value-priced aluminum frame.",282,"LL Road Frame - Black, 48",297.6346,48,FR-R38B-48,U,Road Frames,Components
LL Road Frame,Black,176.1997,"The LL Frame provides a safe comfortable ride, while offering superior bump absorption in a value-priced aluminum frame.",285,"LL Road Frame - Black, 52",297.6346,52,FR-R38B-52,U,Road Frames,Components
LL Road Frame,Red,181.4857,"The LL Frame provides a safe comfortable ride, while offering superior bump absorption in a value-priced aluminum frame.",262,"LL Road Frame - Red, 44",306.5636,44,FR-R38R-44,U,Road Frames,Components
LL Road Frame,Red,181.4857,"The LL Frame provides a safe comfortable ride, while offering superior bump absorption in a value-priced aluminum frame.",264,"LL Road Frame - Red, 48",306.5636,48,FR-R38R-48,U,Road Frames,Components
LL Road Frame,Red,181.4857,"The LL Frame provides a safe comfortable ride, while offering superior bump absorption in a value-priced aluminum frame.",266,"LL Road Frame - Red, 52",306.5636,52,FR-R38R-52,U,Road Frames,Components
LL Road Frame,Red,181.4857,"The LL Frame provides a safe comfortable ride, while offering superior bump absorption in a value-priced aluminum frame.",268,"LL Road Frame - Red, 58",306.5636,58,FR-R38R-58,U,Road Frames,Components
LL Road Frame,Red,181.4857,"The LL Frame provides a safe comfortable ride, while offering superior bump absorption in a value-priced aluminum frame.",270,"LL Road Frame - Red, 60",306.5636,60,FR-R38R-60,U,Road Frames,Components
LL Road Frame,Red,181.4857,"The LL Frame provides a safe comfortable ride, while offering superior bump absorption in a value-priced aluminum frame.",272,"LL Road Frame - Red, 62",306.5636,62,FR-R38R-62,U,Road Frames,Components
LL Road Front Wheel,Black,37.9909,Replacement road front wheel for entry-level cyclist.,413,LL Road Front Wheel,85.565,0,FW-R623,0,Wheels,Components
LL Road Handlebars,NA,17.978,Unique shape provides easier reach to the levers.,403,LL Road Handlebars,40.4909,0,HB-R504,0,Handlebars,Components
LL Road Pedal,Silver/Black,17.9776,Clipless pedals - aluminum.,545,LL Road Pedal,40.49,0,PD-R347,0,Pedals,Components
LL Road Rear Wheel,Black,49.9789,Replacement road rear wheel for entry-level cyclist.,422,LL Road Rear Wheel,112.565,0,RW-R623,0,Wheels,Components
LL Road Seat/Saddle 1,NA,12.0413,Lightweight foam-padded saddle.,518,LL Road Seat/Saddle,27.12,0,SE-R581,0,Saddles,Components
LL Road Tire,NA,8.0373,Same great treads as more expensive tire with a less expensive wire bead casing.,538,LL Road Tire,21.49,0,TI-R092,0,Tires and Tubes,Accessories
LL Touring Frame,Blue,199.8519,Lightweight butted aluminum frame provides a more upright riding position for a trip around town.  Our ground-breaking design provides optimum comfort.,502,"LL Touring Frame - Blue, 50",333.42,50,FR-T67U-50,U,Touring Frames,Components
LL Touring Frame,Blue,199.8519,Lightweight butted aluminum frame provides a more upright riding position for a trip around town.  Our ground-breaking design provides optimum comfort.,503,"LL Touring Frame - Blue, 54",333.42,54,FR-T67U-54,U,Touring Frames,Components
LL Touring Frame,Blue,199.8519,Lightweight butted aluminum frame provides a more upright riding position for a trip around town.  Our ground-breaking design provides optimum comfort.,504,"LL Touring Frame - Blue, 58",333.42,58,FR-T67U-58,U,Touring Frames,Components
LL Touring Frame,Blue,199.8519,Lightweight butted aluminum frame provides a more upright riding position for a trip around town.  Our ground-breaking design provides optimum comfort.,505,"LL Touring Frame - Blue, 62",333.42,62,FR-T67U-62,U,Touring Frames,Components
LL Touring Frame,Blue,199.8519,Lightweight butted aluminum frame provides a more upright riding position for a trip around town.  Our ground-breaking design provides optimum comfort.,510,"LL Touring Frame - Blue, 44",333.42,44,FR-T67U-44,U,Touring Frames,Components
LL Touring Frame,Yellow,199.8519,Lightweight butted aluminum frame provides a more upright riding position for a trip around town.  Our ground-breaking design provides optimum comfort.,493,"LL Touring Frame - Yellow, 62",333.42,62,FR-T67Y-62,U,Touring Frames,Components
LL Touring Frame,Yellow,199.8519,Lightweight butted aluminum frame provides a more upright riding position for a trip around town.  Our ground-breaking design provides optimum comfort.,506,"LL Touring Frame - Yellow, 44",333.42,44,FR-T67Y-44,U,Touring Frames,Components
LL Touring Frame,Yellow,199.8519,Lightweight butted aluminum frame provides a more upright riding position for a trip around town.  Our ground-breaking design provides optimum comfort.,507,"LL Touring Frame - Yellow, 50",333.42,50,FR-T67Y-50,U,Touring Frames,Components
LL Touring Frame,Yellow,199.8519,Lightweight butted aluminum frame provides a more upright riding position for a trip around town.  Our ground-breaking design provides optimum comfort.,508,"LL Touring Frame - Yellow, 54",333.42,54,FR-T67Y-54,U,Touring Frames,Components
LL Touring Frame,Yellow,199.8519,Lightweight butted aluminum frame provides a more upright riding position for a trip around town.  Our ground-breaking design provides optimum comfort.,509,"LL Touring Frame - Yellow, 58",333.42,58,FR-T67Y-58,U,Touring Frames,Components
LL Touring Handlebars,NA,20.464,Unique shape reduces fatigue for entry level riders.,553,LL Touring Handlebars,46.09,0,HB-T721,0,Handlebars,Components
LL Touring Seat/Saddle,NA,12.0413,"Comfortable, ergonomically shaped gel saddle.",521,LL Touring Seat/Saddle,27.12,0,SE-T312,0,Saddles,Components
Long-Sleeve Logo Jersey,Multi,31.7244,Unisex long-sleeve AWC logo microfiber cycling jersey,226,"Long-Sleeve Logo Jersey, S",48.0673,S,LJ-0192-S,U,Jerseys,Clothing
Long-Sleeve Logo Jersey,Multi,31.7244,Unisex long-sleeve AWC logo microfiber cycling jersey,229,"Long-Sleeve Logo Jersey, M",48.0673,M,LJ-0192-M,U,Jerseys,Clothing
Long-Sleeve Logo Jersey,Multi,31.7244,Unisex long-sleeve AWC logo microfiber cycling jersey,232,"Long-Sleeve Logo Jersey, L",48.0673,L,LJ-0192-L,U,Jerseys,Clothing
Long-Sleeve Logo Jersey,Multi,31.7244,Unisex long-sleeve AWC logo microfiber cycling jersey,235,"Long-Sleeve Logo Jersey, XL",48.0673,XL,LJ-0192-X,U,Jerseys,Clothing
Men's Bib-Shorts,Multi,37.1209,"Designed for the AWC team with stay-put straps, moisture-control, chamois padding, and leg grippers.",459,"Men's Bib-Shorts, S",89.99,S,SB-M891-S,M,Bib-Shorts,Clothing
Men's Bib-Shorts,Multi,37.1209,"Designed for the AWC team with stay-put straps, moisture-control, chamois padding, and leg grippers.",460,"Men's Bib-Shorts, M",89.99,M,SB-M891-M,M,Bib-Shorts,Clothing
Men's Bib-Shorts,Multi,37.1209,"Designed for the AWC team with stay-put straps, moisture-control, chamois padding, and leg grippers.",461,"Men's Bib-Shorts, L",89.99,L,SB-M891-L,M,Bib-Shorts,Clothing
Men's Sports Shorts,Black,24.7459,Men's 8-panel racing shorts - lycra with an elastic waistband and leg grippers.,445,"Men's Sports Shorts, S",59.99,S,SH-M897-S,M,Shorts,Clothing
Men's Sports Shorts,Black,24.7459,Men's 8-panel racing shorts - lycra with an elastic waistband and leg grippers.,453,"Men's Sports Shorts, M",59.99,M,SH-M897-M,M,Shorts,Clothing
Men's Sports Shorts,Black,24.7459,Men's 8-panel racing shorts - lycra with an elastic waistband and leg grippers.,454,"Men's Sports Shorts, L",59.99,L,SH-M897-L,M,Shorts,Clothing
Men's Sports Shorts,Black,24.7459,Men's 8-panel racing shorts - lycra with an elastic waistband and leg grippers.,455,"Men's Sports Shorts, XL",59.99,XL,SH-M897-X,M,Shorts,Clothing
Minipump,NA,8.2459,Designed for convenience. Fits in your pocket. Aluminum barrel. 160psi rated.,448,Minipump,19.99,0,PU-0452,0,Pumps,Accessories
ML Bottom Bracket,NA,44.9506,Aluminum alloy cups; large diameter spindle.,602,ML Bottom Bracket,101.24,0,BB-8107,0,Bottom Brackets,Components
ML Crankset,Black,113.8816,High-strength crank arm.,557,ML Crankset,256.49,0,CS-6583,0,Cranksets,Components
ML Fork,NA,77.9176,Composite road fork with an aluminum steerer tube.,392,ML Fork,175.49,0,FK-5136,0,Forks,Components
ML Headset,NA,45.4168,Sealed cartridge keeps dirt out.,395,ML Headset,102.29,0,HS-2451,0,Headsets,Components
ML Mountain Frame,Black,185.8193,The ML frame is a heat-treated aluminum frame made with the same detail and quality as our HL frame. It offers superior performance. Women's version.,426,"ML Mountain Frame - Black, 40",348.76,40,FR-M63B-40,U,Mountain Frames,Components
ML Mountain Frame,Black,185.8193,The ML frame is a heat-treated aluminum frame made with the same detail and quality as our HL frame. It offers superior performance. Women's version.,427,"ML Mountain Frame - Black, 44",348.76,44,FR-M63B-44,U,Mountain Frames,Components
ML Mountain Frame,Black,185.8193,The ML frame is a heat-treated aluminum frame made with the same detail and quality as our HL frame. It offers superior performance. Women's version.,428,"ML Mountain Frame - Black, 48",348.76,48,FR-M63B-48,U,Mountain Frames,Components
ML Mountain Frame-W,Black,185.8193,The ML frame is a heat-treated aluminum frame made with the same detail and quality as our HL frame. It offers superior performance. Men's version.,409,"ML Mountain Frame - Black, 38",348.76,38,FR-M63B-38,U,Mountain Frames,Components
ML Mountain Frame-W,Silver,199.3757,The ML frame is a heat-treated aluminum frame made with the same detail and quality as our HL frame. It offers superior performance. Men's version.,511,"ML Mountain Frame-W - Silver, 40",364.09,40,FR-M63S-40,W,Mountain Frames,Components
ML Mountain Frame-W,Silver,199.3757,The ML frame is a heat-treated aluminum frame made with the same detail and quality as our HL frame. It offers superior performance. Men's version.,512,"ML Mountain Frame-W - Silver, 42",364.09,42,FR-M63S-42,W,Mountain Frames,Components
ML Mountain Frame-W,Silver,199.3757,The ML frame is a heat-treated aluminum frame made with the same detail and quality as our HL frame. It offers superior performance. Men's version.,513,"ML Mountain Frame-W - Silver, 46",364.09,46,FR-M63S-46,W,Mountain Frames,Components
ML Mountain Frame-W,Silver,199.3757,The ML frame is a heat-treated aluminum frame made with the same detail and quality as our HL frame. It offers superior performance. Men's version.,549,"ML Mountain Frame-W - Silver, 38",364.09,38,FR-M63S-38,W,Mountain Frames,Components
ML Mountain Front Wheel,Black,92.8071,Replacement mountain wheel for the casual to serious rider.,411,ML Mountain Front Wheel,209.025,0,FW-M762,0,Wheels,Components
ML Mountain Handlebars,NA,24.9932,Tough aluminum alloy bars for downhill.,399,ML Mountain Handlebars,56.2909,0,HB-M763,0,Handlebars,Components
ML Mountain Pedal,Silver/Black,27.568,"Lightweight, durable, clipless pedal with adjustable tension.",543,ML Mountain Pedal,62.09,0,PD-M340,0,Pedals,Components
ML Mountain Rear Wheel,Black,104.7951,Replacement mountain wheel for the casual to serious rider.,420,ML Mountain Rear Wheel,236.025,0,RW-M762,0,Wheels,Components
ML Mountain Seat/Saddle 2,NA,17.3782,Designed to absorb shock.,516,ML Mountain Seat/Saddle,39.14,0,SE-M798,0,Saddles,Components
ML Mountain Tire,NA,11.2163,"Great traction, high-density rubber.",536,ML Mountain Tire,29.99,0,TI-M602,0,Tires and Tubes,Accessories
ML Road Frame,Red,352.1394,"Made from the same aluminum alloy as our top-of-the line HL frame, the ML features a lightweight down-tube milled to the perfect diameter for optimal strength. Men's version.",274,"ML Road Frame - Red, 44",594.83,44,FR-R72R-44,U,Road Frames,Components
ML Road Frame,Red,352.1394,"Made from the same aluminum alloy as our top-of-the line HL frame, the ML features a lightweight down-tube milled to the perfect diameter for optimal strength. Men's version.",275,"ML Road Frame - Red, 48",594.83,48,FR-R72R-48,U,Road Frames,Components
ML Road Frame,Red,352.1394,"Made from the same aluminum alloy as our top-of-the line HL frame, the ML features a lightweight down-tube milled to the perfect diameter for optimal strength. Men's version.",276,"ML Road Frame - Red, 52",594.83,52,FR-R72R-52,U,Road Frames,Components
ML Road Frame,Red,352.1394,"Made from the same aluminum alloy as our top-of-the line HL frame, the ML features a lightweight down-tube milled to the perfect diameter for optimal strength. Men's version.",277,"ML Road Frame - Red, 58",594.83,58,FR-R72R-58,U,Road Frames,Components
ML Road Frame,Red,352.1394,"Made from the same aluminum alloy as our top-of-the line HL frame, the ML features a lightweight down-tube milled to the perfect diameter for optimal strength. Men's version.",278,"ML Road Frame - Red, 60",594.83,60,FR-R72R-60,U,Road Frames,Components
ML Road Frame-W,Yellow,300.1188,"Made from the same aluminum alloy as our top-of-the line HL frame, the ML features a lightweight down-tube milled to the perfect diameter for optimal strength. Women's version.",417,"ML Road Frame-W - Yellow, 38",540.7545,38,FR-R72Y-38,W,Road Frames,Components
ML Road Frame-W,Yellow,300.1188,"Made from the same aluminum alloy as our top-of-the line HL frame, the ML features a lightweight down-tube milled to the perfect diameter for optimal strength. Women's version.",429,"ML Road Frame-W - Yellow, 40",540.7545,40,FR-R72Y-40,W,Road Frames,Components
ML Road Frame-W,Yellow,300.1188,"Made from the same aluminum alloy as our top-of-the line HL frame, the ML features a lightweight down-tube milled to the perfect diameter for optimal strength. Women's version.",431,"ML Road Frame-W - Yellow, 42",540.7545,42,FR-R72Y-42,W,Road Frames,Components
ML Road Frame-W,Yellow,300.1188,"Made from the same aluminum alloy as our top-of-the line HL frame, the ML features a lightweight down-tube milled to the perfect diameter for optimal strength. Women's version.",433,"ML Road Frame-W - Yellow, 44",540.7545,44,FR-R72Y-44,W,Road Frames,Components
ML Road Frame-W,Yellow,300.1188,"Made from the same aluminum alloy as our top-of-the line HL frame, the ML features a lightweight down-tube milled to the perfect diameter for optimal strength. Women's version.",435,"ML Road Frame-W - Yellow, 48",540.7545,48,FR-R72Y-48,W,Road Frames,Components
ML Road Front Wheel,Black,110.2829,Sturdy alloy features a quick-release hub.,414,ML Road Front Wheel,248.385,0,FW-R762,0,Wheels,Components
ML Road Handlebars,NA,24.9932,Anatomically shaped aluminum tube bar will suit all riders.,405,ML Road Handlebars,56.2909,0,HB-R720,0,Handlebars,Components
ML Road Pedal,Silver/Black,27.568,Lightweight aluminum alloy construction.,546,ML Road Pedal,62.09,0,PD-R563,0,Pedals,Components
ML Road Rear Wheel,Black,122.2709,Aluminum alloy rim with stainless steel spokes; built for speed.,423,ML Road Rear Wheel,275.385,0,RW-R762,0,Wheels,Components
ML Road Seat/Saddle 2,NA,17.3782,Rubber bumpers absorb bumps.,519,ML Road Seat/Saddle,39.14,0,SE-R908,0,Saddles,Components
ML Road Tire,NA,9.3463,Higher density rubber.,539,ML Road Tire,24.99,0,TI-R628,0,Tires and Tubes,Accessories
ML Touring Seat/Saddle,NA,17.3782,New design relieves pressure for long rides.,522,ML Touring Seat/Saddle,39.14,0,SE-T762,0,Saddles,Components
Mountain Bike Socks,White,3.3963,Combination of natural and synthetic fibers stays dry and provides just the right cushioning.,218,"Mountain Bike Socks, M",9.5,M,SO-B909-M,U,Socks,Clothing
Mountain Bike Socks,White,3.3963,Combination of natural and synthetic fibers stays dry and provides just the right cushioning.,219,"Mountain Bike Socks, L",9.5,L,SO-B909-L,U,Socks,Clothing
Mountain Bottle Cage,NA,3.7363,Tough aluminum cage holds bottle securly on tough terrain.,478,Mountain Bottle Cage,9.99,0,BC-M005,0,Bottles and Cages,Accessories
Mountain Pump,NA,10.3084,Simple and light-weight. Emergency patches stored in handle.,449,Mountain Pump,24.99,0,PU-M044,0,Pumps,Accessories
Mountain Tire Tube,NA,1.8663,Self-sealing tube.,528,Mountain Tire Tube,4.99,0,TT-M928,0,Tires and Tubes,Accessories
Mountain-100,Black,1898.0944,"Top-of-the-line competition mountain bike. Performance-enhancing options include the innovative HL Frame, super-smooth front suspension, and traction for all terrain.",348,"Mountain-100 Black, 38",3374.99,38,BK-M82B-38,U,Mountain Bikes,Bikes
Mountain-100,Black,1898.0944,"Top-of-the-line competition mountain bike. Performance-enhancing options include the innovative HL Frame, super-smooth front suspension, and traction for all terrain.",349,"Mountain-100 Black, 42",3374.99,42,BK-M82B-42,U,Mountain Bikes,Bikes
Mountain-100,Black,1898.0944,"Top-of-the-line competition mountain bike. Performance-enhancing options include the innovative HL Frame, super-smooth front suspension, and traction for all terrain.",350,"Mountain-100 Black, 44",3374.99,44,BK-M82B-44,U,Mountain Bikes,Bikes
Mountain-100,Black,1898.0944,"Top-of-the-line competition mountain bike. Performance-enhancing options include the innovative HL Frame, super-smooth front suspension, and traction for all terrain.",351,"Mountain-100 Black, 48",3374.99,48,BK-M82B-48,U,Mountain Bikes,Bikes
Mountain-100,Silver,1912.1544,"Top-of-the-line competition mountain bike. Performance-enhancing options include the innovative HL Frame, super-smooth front suspension, and traction for all terrain.",344,"Mountain-100 Silver, 38",3399.99,38,BK-M82S-38,U,Mountain Bikes,Bikes
Mountain-100,Silver,1912.1544,"Top-of-the-line competition mountain bike. Performance-enhancing options include the innovative HL Frame, super-smooth front suspension, and traction for all terrain.",345,"Mountain-100 Silver, 42",3399.99,42,BK-M82S-42,U,Mountain Bikes,Bikes
Mountain-100,Silver,1912.1544,"Top-of-the-line competition mountain bike. Performance-enhancing options include the innovative HL Frame, super-smooth front suspension, and traction for all terrain.",346,"Mountain-100 Silver, 44",3399.99,44,BK-M82S-44,U,Mountain Bikes,Bikes
Mountain-100,Silver,1912.1544,"Top-of-the-line competition mountain bike. Performance-enhancing options include the innovative HL Frame, super-smooth front suspension, and traction for all terrain.",347,"Mountain-100 Silver, 48",3399.99,48,BK-M82S-48,U,Mountain Bikes,Bikes
Mountain-200,Black,1105.81,Serious back-country riding. Perfect for all levels of competition. Uses the same HL Frame as the Mountain-100.,358,"Mountain-200 Black, 38",2049.0982,38,BK-M68B-38,U,Mountain Bikes,Bikes
Mountain-200,Black,1105.81,Serious back-country riding. Perfect for all levels of competition. Uses the same HL Frame as the Mountain-100.,360,"Mountain-200 Black, 42",2049.0982,42,BK-M68B-42,U,Mountain Bikes,Bikes
Mountain-200,Black,1105.81,Serious back-country riding. Perfect for all levels of competition. Uses the same HL Frame as the Mountain-100.,362,"Mountain-200 Black, 46",2049.0982,46,BK-M68B-46,U,Mountain Bikes,Bikes
Mountain-200,Silver,1117.8559,Serious back-country riding. Perfect for all levels of competition. Uses the same HL Frame as the Mountain-100.,352,"Mountain-200 Silver, 38",2071.4196,38,BK-M68S-38,U,Mountain Bikes,Bikes
Mountain-200,Silver,1117.8559,Serious back-country riding. Perfect for all levels of competition. Uses the same HL Frame as the Mountain-100.,354,"Mountain-200 Silver, 42",2071.4196,42,BK-M68S-42,U,Mountain Bikes,Bikes
Mountain-200,Silver,1117.8559,Serious back-country riding. Perfect for all levels of competition. Uses the same HL Frame as the Mountain-100.,356,"Mountain-200 Silver, 46",2071.4196,46,BK-M68S-46,U,Mountain Bikes,Bikes
Mountain-300,Black,598.4354,For true trail addicts.  An extremely durable bike that will go anywhere and keep you in control on challenging terrain - without breaking your budget.,364,"Mountain-300 Black, 38",1079.99,38,BK-M47B-38,U,Mountain Bikes,Bikes
Mountain-300,Black,598.4354,For true trail addicts.  An extremely durable bike that will go anywhere and keep you in control on challenging terrain - without breaking your budget.,365,"Mountain-300 Black, 40",1079.99,40,BK-M47B-40,U,Mountain Bikes,Bikes
Mountain-300,Black,598.4354,For true trail addicts.  An extremely durable bike that will go anywhere and keep you in control on challenging terrain - without breaking your budget.,366,"Mountain-300 Black, 44",1079.99,44,BK-M47B-44,U,Mountain Bikes,Bikes
Mountain-300,Black,598.4354,For true trail addicts.  An extremely durable bike that will go anywhere and keep you in control on challenging terrain - without breaking your budget.,367,"Mountain-300 Black, 48",1079.99,48,BK-M47B-48,U,Mountain Bikes,Bikes
Mountain-400-W,Silver,419.7784,"This bike delivers a high-level of performance on a budget. It is responsive and maneuverable, and offers peace-of-mind when you decide to go off-road.",587,"Mountain-400-W Silver, 38",769.49,38,BK-M38S-38,W,Mountain Bikes,Bikes
Mountain-400-W,Silver,419.7784,"This bike delivers a high-level of performance on a budget. It is responsive and maneuverable, and offers peace-of-mind when you decide to go off-road.",588,"Mountain-400-W Silver, 40",769.49,40,BK-M38S-40,W,Mountain Bikes,Bikes
Mountain-400-W,Silver,419.7784,"This bike delivers a high-level of performance on a budget. It is responsive and maneuverable, and offers peace-of-mind when you decide to go off-road.",589,"Mountain-400-W Silver, 42",769.49,42,BK-M38S-42,W,Mountain Bikes,Bikes
Mountain-400-W,Silver,419.7784,"This bike delivers a high-level of performance on a budget. It is responsive and maneuverable, and offers peace-of-mind when you decide to go off-road.",590,"Mountain-400-W Silver, 46",769.49,46,BK-M38S-46,W,Mountain Bikes,Bikes
Mountain-500,Black,294.5797,"Suitable for any type of riding, on or off-road. Fits any budget. Smooth-shifting with a comfortable ride.",596,"Mountain-500 Black, 40",539.99,40,BK-M18B-40,U,Mountain Bikes,Bikes
Mountain-500,Black,294.5797,"Suitable for any type of riding, on or off-road. Fits any budget. Smooth-shifting with a comfortable ride.",597,"Mountain-500 Black, 42",539.99,42,BK-M18B-42,U,Mountain Bikes,Bikes
Mountain-500,Black,294.5797,"Suitable for any type of riding, on or off-road. Fits any budget. Smooth-shifting with a comfortable ride.",598,"Mountain-500 Black, 44",539.99,44,BK-M18B-44,U,Mountain Bikes,Bikes
Mountain-500,Black,294.5797,"Suitable for any type of riding, on or off-road. Fits any budget. Smooth-shifting with a comfortable ride.",599,"Mountain-500 Black, 48",539.99,48,BK-M18B-48,U,Mountain Bikes,Bikes
Mountain-500,Black,294.5797,"Suitable for any type of riding, on or off-road. Fits any budget. Smooth-shifting with a comfortable ride.",600,"Mountain-500 Black, 52",539.99,52,BK-M18B-52,U,Mountain Bikes,Bikes
Mountain-500,Silver,308.2179,"Suitable for any type of riding, on or off-road. Fits any budget. Smooth-shifting with a comfortable ride.",591,"Mountain-500 Silver, 40",564.99,40,BK-M18S-40,U,Mountain Bikes,Bikes
Mountain-500,Silver,308.2179,"Suitable for any type of riding, on or off-road. Fits any budget. Smooth-shifting with a comfortable ride.",592,"Mountain-500 Silver, 42",564.99,42,BK-M18S-42,U,Mountain Bikes,Bikes
Mountain-500,Silver,308.2179,"Suitable for any type of riding, on or off-road. Fits any budget. Smooth-shifting with a comfortable ride.",593,"Mountain-500 Silver, 44",564.99,44,BK-M18S-44,U,Mountain Bikes,Bikes
Mountain-500,Silver,308.2179,"Suitable for any type of riding, on or off-road. Fits any budget. Smooth-shifting with a comfortable ride.",594,"Mountain-500 Silver, 48",564.99,48,BK-M18S-48,U,Mountain Bikes,Bikes
Mountain-500,Silver,308.2179,"Suitable for any type of riding, on or off-road. Fits any budget. Smooth-shifting with a comfortable ride.",595,"Mountain-500 Silver, 52",564.99,52,BK-M18S-52,U,Mountain Bikes,Bikes
Patch kit,NA,0.8565,"Includes 8 different size patches, glue and sandpaper.",480,Patch Kit/8 Patches,2.29,0,PK-7098,0,Tires and Tubes,Accessories
Racing Socks,White,3.3623,"Thin, lightweight and durable with cuffs that stay up.",481,"Racing Socks, M",8.99,M,SO-R809-M,U,Socks,Clothing
Racing Socks,White,3.3623,"Thin, lightweight and durable with cuffs that stay up.",482,"Racing Socks, L",8.99,L,SO-R809-L,U,Socks,Clothing
Rear Brakes,Silver,47.286,0,514,Rear Brakes,106.5,0,RB-9231,0,Brakes,Components
Rear Derailleur,Silver,53.9282,Wide-link design.,501,Rear Derailleur,121.46,0,RD-2308,0,Derailleurs,Components
Road Bottle Cage,NA,3.3623,Aluminum cage is lighter than our mountain version; perfect for long distance trips.,479,Road Bottle Cage,8.99,0,BC-R205,0,Bottles and Cages,Accessories
Road Tire Tube,NA,1.4923,Conventional all-purpose tube.,529,Road Tire Tube,3.99,0,TT-R982,0,Tires and Tubes,Accessories
Road-150,Red,2171.2942,"This bike is ridden by race winners. Developed with the Adventure Works Cycles professional race team, it has a extremely light heat-treated aluminum frame, and steering that allows precision control.",310,"Road-150 Red, 62",3578.27,62,BK-R93R-62,U,Road Bikes,Bikes
Road-150,Red,2171.2942,"This bike is ridden by race winners. Developed with the Adventure Works Cycles professional race team, it has a extremely light heat-treated aluminum frame, and steering that allows precision control.",311,"Road-150 Red, 44",3578.27,44,BK-R93R-44,U,Road Bikes,Bikes
Road-150,Red,2171.2942,"This bike is ridden by race winners. Developed with the Adventure Works Cycles professional race team, it has a extremely light heat-treated aluminum frame, and steering that allows precision control.",312,"Road-150 Red, 48",3578.27,48,BK-R93R-48,U,Road Bikes,Bikes
Road-150,Red,2171.2942,"This bike is ridden by race winners. Developed with the Adventure Works Cycles professional race team, it has a extremely light heat-treated aluminum frame, and steering that allows precision control.",313,"Road-150 Red, 52",3578.27,52,BK-R93R-52,U,Road Bikes,Bikes
Road-150,Red,2171.2942,"This bike is ridden by race winners. Developed with the Adventure Works Cycles professional race team, it has a extremely light heat-treated aluminum frame, and steering that allows precision control.",314,"Road-150 Red, 56",3578.27,56,BK-R93R-56,U,Road Bikes,Bikes
Road-250,Black,1320.6838,"Alluminum-alloy frame provides a light, stiff ride, whether you are racing in the velodrome or on a demanding club ride on country roads.",373,"Road-250 Black, 44",2181.5625,44,BK-R89B-44,U,Road Bikes,Bikes
Road-250,Black,1320.6838,"Alluminum-alloy frame provides a light, stiff ride, whether you are racing in the velodrome or on a demanding club ride on country roads.",375,"Road-250 Black, 48",2181.5625,48,BK-R89B-48,U,Road Bikes,Bikes
Road-250,Black,1320.6838,"Alluminum-alloy frame provides a light, stiff ride, whether you are racing in the velodrome or on a demanding club ride on country roads.",377,"Road-250 Black, 52",2181.5625,52,BK-R89B-52,U,Road Bikes,Bikes
Road-250,Black,1320.6838,"Alluminum-alloy frame provides a light, stiff ride, whether you are racing in the velodrome or on a demanding club ride on country roads.",379,"Road-250 Black, 58",2181.5625,58,BK-R89B-58,U,Road Bikes,Bikes
Road-250,Red,1518.7864,"Alluminum-alloy frame provides a light, stiff ride, whether you are racing in the velodrome or on a demanding club ride on country roads.",368,"Road-250 Red, 44",2443.35,44,BK-R89R-44,U,Road Bikes,Bikes
Road-250,Red,1518.7864,"Alluminum-alloy frame provides a light, stiff ride, whether you are racing in the velodrome or on a demanding club ride on country roads.",369,"Road-250 Red, 48",2443.35,48,BK-R89R-48,U,Road Bikes,Bikes
Road-250,Red,1518.7864,"Alluminum-alloy frame provides a light, stiff ride, whether you are racing in the velodrome or on a demanding club ride on country roads.",370,"Road-250 Red, 52",2443.35,52,BK-R89R-52,U,Road Bikes,Bikes
Road-250,Red,1320.6838,"Alluminum-alloy frame provides a light, stiff ride, whether you are racing in the velodrome or on a demanding club ride on country roads.",371,"Road-250 Red, 58",2181.5625,58,BK-R89R-58,U,Road Bikes,Bikes
Road-350-W,Yellow,1082.51,"Cross-train, race, or just socialize on a sleek, aerodynamic bike designed for a woman.  Advanced seat technology provides comfort all day.",580,"Road-350-W Yellow, 40",1700.99,40,BK-R79Y-40,W,Road Bikes,Bikes
Road-350-W,Yellow,1082.51,"Cross-train, race, or just socialize on a sleek, aerodynamic bike designed for a woman.  Advanced seat technology provides comfort all day.",581,"Road-350-W Yellow, 42",1700.99,42,BK-R79Y-42,W,Road Bikes,Bikes
Road-350-W,Yellow,1082.51,"Cross-train, race, or just socialize on a sleek, aerodynamic bike designed for a woman.  Advanced seat technology provides comfort all day.",582,"Road-350-W Yellow, 44",1700.99,44,BK-R79Y-44,W,Road Bikes,Bikes
Road-350-W,Yellow,1082.51,"Cross-train, race, or just socialize on a sleek, aerodynamic bike designed for a woman.  Advanced seat technology provides comfort all day.",583,"Road-350-W Yellow, 48",1700.99,48,BK-R79Y-48,W,Road Bikes,Bikes
Road-450,Red,884.7083,"A true multi-sport bike that offers streamlined riding and a revolutionary design. Aerodynamic design lets you ride with the pros, and the gearing will conquer hilly roads.",315,"Road-450 Red, 58",1457.99,58,BK-R68R-58,U,Road Bikes,Bikes
Road-450,Red,884.7083,"A true multi-sport bike that offers streamlined riding and a revolutionary design. Aerodynamic design lets you ride with the pros, and the gearing will conquer hilly roads.",316,"Road-450 Red, 60",1457.99,60,BK-R68R-60,U,Road Bikes,Bikes
Road-450,Red,884.7083,"A true multi-sport bike that offers streamlined riding and a revolutionary design. Aerodynamic design lets you ride with the pros, and the gearing will conquer hilly roads.",317,"Road-450 Red, 44",1457.99,44,BK-R68R-44,U,Road Bikes,Bikes
Road-450,Red,884.7083,"A true multi-sport bike that offers streamlined riding and a revolutionary design. Aerodynamic design lets you ride with the pros, and the gearing will conquer hilly roads.",318,"Road-450 Red, 48",1457.99,48,BK-R68R-48,U,Road Bikes,Bikes
Road-450,Red,884.7083,"A true multi-sport bike that offers streamlined riding and a revolutionary design. Aerodynamic design lets you ride with the pros, and the gearing will conquer hilly roads.",319,"Road-450 Red, 52",1457.99,52,BK-R68R-52,U,Road Bikes,Bikes
Road-550-W,Yellow,605.6492,"Same technology as all of our Road series bikes, but the frame is sized for a woman.  Perfect all-around bike for road or racing.",381,"Road-550-W Yellow, 38",1000.4375,38,BK-R64Y-38,W,Road Bikes,Bikes
Road-550-W,Yellow,605.6492,"Same technology as all of our Road series bikes, but the frame is sized for a woman.  Perfect all-around bike for road or racing.",383,"Road-550-W Yellow, 40",1000.4375,40,BK-R64Y-40,W,Road Bikes,Bikes
Road-550-W,Yellow,605.6492,"Same technology as all of our Road series bikes, but the frame is sized for a woman.  Perfect all-around bike for road or racing.",385,"Road-550-W Yellow, 42",1000.4375,42,BK-R64Y-42,W,Road Bikes,Bikes
Road-550-W,Yellow,605.6492,"Same technology as all of our Road series bikes, but the frame is sized for a woman.  Perfect all-around bike for road or racing.",387,"Road-550-W Yellow, 44",1000.4375,44,BK-R64Y-44,W,Road Bikes,Bikes
Road-550-W,Yellow,605.6492,"Same technology as all of our Road series bikes, but the frame is sized for a woman.  Perfect all-around bike for road or racing.",389,"Road-550-W Yellow, 48",1000.4375,48,BK-R64Y-48,W,Road Bikes,Bikes
Road-650,Black,413.1463,"Value-priced bike with many features of our top-of-the-line models. Has the same light, stiff frame, and the quick acceleration we're famous for.",332,"Road-650 Black, 58",699.0982,58,BK-R50B-58,U,Road Bikes,Bikes
Road-650,Black,413.1463,"Value-priced bike with many features of our top-of-the-line models. Has the same light, stiff frame, and the quick acceleration we're famous for.",334,"Road-650 Black, 60",699.0982,60,BK-R50B-60,U,Road Bikes,Bikes
Road-650,Black,413.1463,"Value-priced bike with many features of our top-of-the-line models. Has the same light, stiff frame, and the quick acceleration we're famous for.",336,"Road-650 Black, 62",699.0982,62,BK-R50B-62,U,Road Bikes,Bikes
Road-650,Black,413.1463,"Value-priced bike with many features of our top-of-the-line models. Has the same light, stiff frame, and the quick acceleration we're famous for.",338,"Road-650 Black, 44",699.0982,44,BK-R50B-44,U,Road Bikes,Bikes
Road-650,Black,413.1463,"Value-priced bike with many features of our top-of-the-line models. Has the same light, stiff frame, and the quick acceleration we're famous for.",340,"Road-650 Black, 48",699.0982,48,BK-R50B-48,U,Road Bikes,Bikes
Road-650,Black,413.1463,"Value-priced bike with many features of our top-of-the-line models. Has the same light, stiff frame, and the quick acceleration we're famous for.",342,"Road-650 Black, 52",699.0982,52,BK-R50B-52,U,Road Bikes,Bikes
Road-650,Red,413.1463,"Value-priced bike with many features of our top-of-the-line models. Has the same light, stiff frame, and the quick acceleration we're famous for.",320,"Road-650 Red, 58",699.0982,58,BK-R50R-58,U,Road Bikes,Bikes
Road-650,Red,413.1463,"Value-priced bike with many features of our top-of-the-line models. Has the same light, stiff frame, and the quick acceleration we're famous for.",322,"Road-650 Red, 60",699.0982,60,BK-R50R-60,U,Road Bikes,Bikes
Road-650,Red,413.1463,"Value-priced bike with many features of our top-of-the-line models. Has the same light, stiff frame, and the quick acceleration we're famous for.",324,"Road-650 Red, 62",699.0982,62,BK-R50R-62,U,Road Bikes,Bikes
Road-650,Red,413.1463,"Value-priced bike with many features of our top-of-the-line models. Has the same light, stiff frame, and the quick acceleration we're famous for.",326,"Road-650 Red, 44",699.0982,44,BK-R50R-44,U,Road Bikes,Bikes
Road-650,Red,413.1463,"Value-priced bike with many features of our top-of-the-line models. Has the same light, stiff frame, and the quick acceleration we're famous for.",328,"Road-650 Red, 48",699.0982,48,BK-R50R-48,U,Road Bikes,Bikes
Road-650,Red,413.1463,"Value-priced bike with many features of our top-of-the-line models. Has the same light, stiff frame, and the quick acceleration we're famous for.",330,"Road-650 Red, 52",699.0982,52,BK-R50R-52,U,Road Bikes,Bikes
Road-750,Black,343.6496,Entry level adult bike; offers a comfortable ride cross-country or down the block. Quick-release hubs and rims.,584,"Road-750 Black, 58",539.99,58,BK-R19B-58,U,Road Bikes,Bikes
Road-750,Black,343.6496,Entry level adult bike; offers a comfortable ride cross-country or down the block. Quick-release hubs and rims.,604,"Road-750 Black, 44",539.99,44,BK-R19B-44,U,Road Bikes,Bikes
Road-750,Black,343.6496,Entry level adult bike; offers a comfortable ride cross-country or down the block. Quick-release hubs and rims.,605,"Road-750 Black, 48",539.99,48,BK-R19B-48,U,Road Bikes,Bikes
Road-750,Black,343.6496,Entry level adult bike; offers a comfortable ride cross-country or down the block. Quick-release hubs and rims.,606,"Road-750 Black, 52",539.99,52,BK-R19B-52,U,Road Bikes,Bikes
Short-Sleeve Classic Jersey,Yellow,41.5723,"Short sleeve classic breathable jersey with superior moisture control, front zipper, and 3 back pockets.",488,"Short-Sleeve Classic Jersey, S",53.99,S,SJ-0194-S,U,Jerseys,Clothing
Short-Sleeve Classic Jersey,Yellow,41.5723,"Short sleeve classic breathable jersey with superior moisture control, front zipper, and 3 back pockets.",489,"Short-Sleeve Classic Jersey, M",53.99,M,SJ-0194-M,U,Jerseys,Clothing
Short-Sleeve Classic Jersey,Yellow,41.5723,"Short sleeve classic breathable jersey with superior moisture control, front zipper, and 3 back pockets.",490,"Short-Sleeve Classic Jersey, L",53.99,L,SJ-0194-L,U,Jerseys,Clothing
Short-Sleeve Classic Jersey,Yellow,41.5723,"Short sleeve classic breathable jersey with superior moisture control, front zipper, and 3 back pockets.",491,"Short-Sleeve Classic Jersey, XL",53.99,XL,SJ-0194-X,U,Jerseys,Clothing
Sport-100,Black,12.0278,"Universal fit, well-vented, lightweight , snap-on visor.",215,"Sport-100 Helmet, Black",33.6442,0,HL-U509,0,Helmets,Accessories
Sport-100,Blue,12.0278,"Universal fit, well-vented, lightweight , snap-on visor.",220,"Sport-100 Helmet, Blue",33.6442,0,HL-U509-B,0,Helmets,Accessories
Sport-100,Red,13.0863,"Universal fit, well-vented, lightweight , snap-on visor.",214,"Sport-100 Helmet, Red",34.99,0,HL-U509-R,0,Helmets,Accessories
Taillight,NA,5.7709,Affordable light for safe night riding - uses 3 AAA batteries,450,Taillights - Battery-Powered,13.99,0,LT-T990,0,Lights,Accessories
Touring Front Wheel,Black,96.7964,Aerodynamic rims for smooth riding.,416,Touring Front Wheel,218.01,0,FW-T905,0,Wheels,Components
Touring Pedal,Silver/Black,35.9596,A stable pedal for all-day riding.,548,Touring Pedal,80.99,0,PD-T852,0,Pedals,Components
Touring Rear Wheel,Black,108.7844,Excellent aerodynamic rims guarantee a smooth ride.,425,Touring Rear Wheel,245.01,0,RW-T905,0,Wheels,Components
Touring Tire,NA,10.8423,High-density rubber.,541,Touring Tire,28.99,0,TI-T723,0,Tires and Tubes,Accessories
Touring Tire Tube,NA,1.8663,General purpose tube.,530,Touring Tire Tube,4.99,0,TT-T092,0,Tires and Tubes,Accessories
Touring-1000,Blue,1481.9379,Travel in style and comfort. Designed for maximum comfort and safety. Wide gear range takes on all hills. High-tech aluminum alloy construction provides durability without added weight.,573,"Touring-1000 Blue, 46",2384.07,46,BK-T79U-46,U,Touring Bikes,Bikes
Touring-1000,Blue,1481.9379,Travel in style and comfort. Designed for maximum comfort and safety. Wide gear range takes on all hills. High-tech aluminum alloy construction provides durability without added weight.,574,"Touring-1000 Blue, 50",2384.07,50,BK-T79U-50,U,Touring Bikes,Bikes
Touring-1000,Blue,1481.9379,Travel in style and comfort. Designed for maximum comfort and safety. Wide gear range takes on all hills. High-tech aluminum alloy construction provides durability without added weight.,575,"Touring-1000 Blue, 54",2384.07,54,BK-T79U-54,U,Touring Bikes,Bikes
Touring-1000,Blue,1481.9379,Travel in style and comfort. Designed for maximum comfort and safety. Wide gear range takes on all hills. High-tech aluminum alloy construction provides durability without added weight.,576,"Touring-1000 Blue, 60",2384.07,60,BK-T79U-60,U,Touring Bikes,Bikes
Touring-1000,Yellow,1481.9379,Travel in style and comfort. Designed for maximum comfort and safety. Wide gear range takes on all hills. High-tech aluminum alloy construction provides durability without added weight.,561,"Touring-1000 Yellow, 46",2384.07,46,BK-T79Y-46,U,Touring Bikes,Bikes
Touring-1000,Yellow,1481.9379,Travel in style and comfort. Designed for maximum comfort and safety. Wide gear range takes on all hills. High-tech aluminum alloy construction provides durability without added weight.,562,"Touring-1000 Yellow, 50",2384.07,50,BK-T79Y-50,U,Touring Bikes,Bikes
Touring-1000,Yellow,1481.9379,Travel in style and comfort. Designed for maximum comfort and safety. Wide gear range takes on all hills. High-tech aluminum alloy construction provides durability without added weight.,563,"Touring-1000 Yellow, 54",2384.07,54,BK-T79Y-54,U,Touring Bikes,Bikes
Touring-1000,Yellow,1481.9379,Travel in style and comfort. Designed for maximum comfort and safety. Wide gear range takes on all hills. High-tech aluminum alloy construction provides durability without added weight.,564,"Touring-1000 Yellow, 60",2384.07,60,BK-T79Y-60,U,Touring Bikes,Bikes
Touring-2000,Blue,755.1508,"The plush custom saddle keeps you riding all day,  and there's plenty of space to add panniers and bike bags to the newly-redesigned carrier.  This bike has stability when fully-loaded.",560,"Touring-2000 Blue, 60",1214.85,60,BK-T44U-60,U,Touring Bikes,Bikes
Touring-2000,Blue,755.1508,"The plush custom saddle keeps you riding all day,  and there's plenty of space to add panniers and bike bags to the newly-redesigned carrier.  This bike has stability when fully-loaded.",577,"Touring-2000 Blue, 46",1214.85,46,BK-T44U-46,U,Touring Bikes,Bikes
Touring-2000,Blue,755.1508,"The plush custom saddle keeps you riding all day,  and there's plenty of space to add panniers and bike bags to the newly-redesigned carrier.  This bike has stability when fully-loaded.",578,"Touring-2000 Blue, 50",1214.85,50,BK-T44U-50,U,Touring Bikes,Bikes
Touring-2000,Blue,755.1508,"The plush custom saddle keeps you riding all day,  and there's plenty of space to add panniers and bike bags to the newly-redesigned carrier.  This bike has stability when fully-loaded.",579,"Touring-2000 Blue, 54",1214.85,54,BK-T44U-54,U,Touring Bikes,Bikes
Touring-3000,Blue,461.4448,"All-occasion value bike with our basic comfort and safety features. Offers wider, more stable tires for a ride around town or weekend trip.",565,"Touring-3000 Blue, 54",742.35,54,BK-T18U-54,U,Touring Bikes,Bikes
Touring-3000,Blue,461.4448,"All-occasion value bike with our basic comfort and safety features. Offers wider, more stable tires for a ride around town or weekend trip.",566,"Touring-3000 Blue, 58",742.35,58,BK-T18U-58,U,Touring Bikes,Bikes
Touring-3000,Blue,461.4448,"All-occasion value bike with our basic comfort and safety features. Offers wider, more stable tires for a ride around town or weekend trip.",567,"Touring-3000 Blue, 62",742.35,62,BK-T18U-62,U,Touring Bikes,Bikes
Touring-3000,Blue,461.4448,"All-occasion value bike with our basic comfort and safety features. Offers wider, more stable tires for a ride around town or weekend trip.",585,"Touring-3000 Blue, 44",742.35,44,BK-T18U-44,U,Touring Bikes,Bikes
Touring-3000,Blue,461.4448,"All-occasion value bike with our basic comfort and safety features. Offers wider, more stable tires for a ride around town or weekend trip.",586,"Touring-3000 Blue, 50",742.35,50,BK-T18U-50,U,Touring Bikes,Bikes
Touring-3000,Yellow,461.4448,"All-occasion value bike with our basic comfort and safety features. Offers wider, more stable tires for a ride around town or weekend trip.",568,"Touring-3000 Yellow, 44",742.35,44,BK-T18Y-44,U,Touring Bikes,Bikes
Touring-3000,Yellow,461.4448,"All-occasion value bike with our basic comfort and safety features. Offers wider, more stable tires for a ride around town or weekend trip.",569,"Touring-3000 Yellow, 50",742.35,50,BK-T18Y-50,U,Touring Bikes,Bikes
Touring-3000,Yellow,461.4448,"All-occasion value bike with our basic comfort and safety features. Offers wider, more stable tires for a ride around town or weekend trip.",570,"Touring-3000 Yellow, 54",742.35,54,BK-T18Y-54,U,Touring Bikes,Bikes
Touring-3000,Yellow,461.4448,"All-occasion value bike with our basic comfort and safety features. Offers wider, more stable tires for a ride around town or weekend trip.",571,"Touring-3000 Yellow, 58",742.35,58,BK-T18Y-58,U,Touring Bikes,Bikes
Touring-3000,Yellow,461.4448,"All-occasion value bike with our basic comfort and safety features. Offers wider, more stable tires for a ride around town or weekend trip.",572,"Touring-3000 Yellow, 62",742.35,62,BK-T18Y-62,U,Touring Bikes,Bikes
Touring-Panniers,Grey,51.5625,"Durable, water-proof nylon construction with easy access. Large enough for weekend trips.",446,"Touring-Panniers, Large",125,0,PA-T100,0,Panniers,Accessories
Water Bottle,NA,1.8663,AWC logo water bottle - holds 30 oz; leak-proof.,477,Water Bottle - 30 oz.,4.99,0,WB-H098,0,Bottles and Cages,Accessories
Women's Mountain Shorts,Black,26.1763,"Heavy duty, abrasion-resistant shorts feature seamless, lycra inner shorts with anti-bacterial chamois for comfort.",474,"Women's Mountain Shorts, S",69.99,S,SH-W890-S,W,Shorts,Clothing
Women's Mountain Shorts,Black,26.1763,"Heavy duty, abrasion-resistant shorts feature seamless, lycra inner shorts with anti-bacterial chamois for comfort.",475,"Women's Mountain Shorts, M",69.99,M,SH-W890-M,W,Shorts,Clothing
Women's Mountain Shorts,Black,26.1763,"Heavy duty, abrasion-resistant shorts feature seamless, lycra inner shorts with anti-bacterial chamois for comfort.",476,"Women's Mountain Shorts, L",69.99,L,SH-W890-L,W,Shorts,Clothing
Women's Tights,Black,30.9334,Warm spandex tights for winter riding; seamless chamois construction eliminates pressure points.,456,"Women's Tights, S",74.99,S,TG-W091-S,W,Tights,Clothing
Women's Tights,Black,30.9334,Warm spandex tights for winter riding; seamless chamois construction eliminates pressure points.,457,"Women's Tights, M",74.99,M,TG-W091-M,W,Tights,Clothing
Women's Tights,Black,30.9334,Warm spandex tights for winter riding; seamless chamois construction eliminates pressure points.,458,"Women's Tights, L",74.99,L,TG-W091-L,W,Tights,Clothing
